Amethyst_2E1A47,427,2E1A47
Amethyst_8A2BE2,954,8A2BE2
Amethyst_91219E,982,91219E
AquaBlue_0097A9,694,0097A9
AquaBlue_00FFFF,1050,00FFFF
Beige_c8b18b,1211,c8b18b
Berry_890C58,421,890C58
BlackBlue_0000FF,1243,0000FF
BlackGray_231f20,1112,231f20
BlackGray_808080,1245,808080
BlackGreen_00AF33,1246,00AF33
BlackOrange_FF7F00,1248,FF7F00
BlackPink_FFCBDB,1247,FFCBDB
BlackRed_FF0000,1249,FF0000
BlackwBlueLining_0000FF,962,0000FF
BlackwBlueTrim_0000FF,588,0000FF
BlackwDarkRedTrim_FF0000,661,FF0000
BlackwGoldTrim_FFD700,797,FFD700
BlackwGrayPlaid_808080,1209,808080
BlackwGrayTrim_808080,737,808080
BlackwGrayTrim_939ba1,755,939ba1
BlackwGreenLining_13322B,960,13322B
BlackwGreenLining_215E21,965,215E21
BlackwGreenTrim_00FF00,587,00FF00
BlackwHunterGreenTrim_006400,1191,006400
BlackwLightBlueLining_89CFF0,964,89CFF0
BlackwLimeGreenLining_6B8E23,971,6B8E23
BlackwLimeGreenTrim_78BE20,776,78BE20
BlackwLimeGreenTrim_9ACD32,970,9ACD32
BlackwLimeGreenTrim_BFFF00,738,BFFF00
BlackwOrangeLining_FF7F00,966,FF7F00
BlackwOrangeTrim_FF7F00,968,FF7F00
BlackwPurpleLining_9932CC,972,9932CC
BlackwRedLining_FF0000,963,FF0000
BlackwRedTrim_C8102E,779,C8102E
BlackwRedTrim_FF0000,589,FF0000
BlackwRoyalBlueLining_00008B,967,00008B
BlackwRoyalBlueTrim_0033A0,778,0033A0
BlackwRoyalBlueTrim_0067b1,754,0067b1
BlackwSilverTrim_000000,498,000000
BlackwSilverTrim_CCCCCC,790,CCCCCC
BlackwStainlessSteelCap_cccccc,1036,cccccc
BlackwWhiteLining_FFFFFF,959,FFFFFF
BlackwWhiteTrim_000000,586,000000
BlackwWhiteTrim_FFFFFF,777,FFFFFF
BlackwWhiteTrim_ffffff,781,ffffff
BlackwYellowLining_FFFF00,961,FFFF00
BlackwYellowTrim_FFFF00,969,FFFF00
BlackYellow_FFFF00,1244,FFFF00
Black_000000,394,000000
Black_231f20,596,231f20
BLACK_231f20,736,231f20
Blue(BlueInk)_0000FF,804,0000FF
BlueCamouflage_6CACE4,1096,6CACE4
BluewBlackTrim_0000FF,683,0000FF
BluewBlackTrim_004976,1189,004976
BluewBlackTrim_283A90,1173,283A90
BluewBlueLight_001489,1281,001489
BluewGoldTrim_FFD700,795,FFD700
BluewGreenContinents_0000FF,651,0000FF
BlueWhite_0055a4,1110,0055a4
BluewMulti-ColorContinents_0000FF,654,0000FF
BluewSilverTrim_0000FF,488,0000FF
BluewSilverTrim_CCCCCC,791,CCCCCC
BluewWhiteLight_FFFFFF,906,FFFFFF
Blue_0000FF,521,0000FF
Blue_001489,775,001489
Blue_002F6C,1073,002F6C
Blue_0033A0,688,0033A0
Blue_003594,1086,003594
Blue_003DA5,437,003DA5
Blue_0047BA,986,0047BA
Blue_0047BB,371,0047BB
Blue_004C97,462,004C97
Blue_0057B8,449,0057B8
Blue_005ea7,647,005ea7
Blue_0067b1,753,0067b1
Blue_007096,1017,007096
Blue_0072CE,477,0072CE
Blue_007FFF,1224,007FFF
Blue_0085CA,740,0085CA
Blue_008CCC,1000,008CCC
Blue_0092BC,903,0092BC
Blue_009ed8,725,009ed8
Blue_00aeef,769,00aeef
Blue_00FFFF,1250,00FFFF
Blue_0d4775,678,0d4775
Blue_104E8B,950,104E8B
Blue_151F6D,897,151F6D
Blue_1E90FF,595,1E90FF
Blue_1F2A44,789,1F2A44
Blue_202d6f,732,202d6f
Blue_26286f,727,26286f
Blue_282f55,936,282f55
Blue_283A90,567,283A90
Blue_293f93,691,293f93
Blue_303053,662,303053
Blue_307FE2,699,307FE2
Blue_312962,712,312962
Blue_3232CC,857,3232CC
Blue_363D84,929,363D84
Blue_385E9D,446,385E9D
Blue_3B3178,928,3B3178
Blue_41B6E6,708,41B6E6
Blue_426DA9,445,426DA9
Blue_4660ab,526,4660ab
Blue_484661,667,484661
Blue_499DF5,622,499DF5
Blue_4c558f,739,4c558f
Blue_5E8AB4,455,5E8AB4
Blue_5f6882,687,5f6882
Blue_80225F,459,80225F
Blue_8DC8E8,1204,8DC8E8
Brown_3c2415,726,3c2415
Brown_512F2E,1069,512F2E
Brown_804000,563,804000
Brown_82320d,1049,82320d
Bubblegum_FFA3B5,419,FFA3B5
BurgundywGoldTrim_9E0508,904,9E0508
Burgundy_6C1D45,1152,6C1D45
Burgundy_7D2248,398,7D2248
Burgundy_800020,572,800020
Burgundy_861F41,409,861F41
Burgundy_8B0000,850,8B0000
Burgundy_9B2743,392,9B2743
Burgundy_9F1D35,1147,9F1D35
Burgundy_a30234,1255,a30234
Burgundy_DC143C,1199,DC143C
Camouflage_36573B,395,36573B
Camouflage_3D441E,1092,3D441E
Camouflage_535435,1075,535435
Camouflage_78866B,561,78866B
Canada_E4002B,1094,E4002B
Cherry_E4002B,416,E4002B
ClearFrosted_FFFFFa,623,FFFFFa
ClearwStainlessSteelLiner_FFFFFa,1037,FFFFFa
Clear_f1f1f2,888,f1f1f2
Clear_FFFFFa,507,FFFFFa
Clear_FFFFFA,1085,FFFFFA
Clear_FFFFFF,422,FFFFFF
Clear_ffffff,423,ffffff
Copper_B87333,1042,B87333
Cream_d5c5a1,1170,d5c5a1
Cream_f1eced,957,f1eced
Cream_F5F5DC,973,F5F5DC
DarkBlue_00008b,1280,00008b
DarkGreen_006400,1279,006400
Diamond_ffffff,426,ffffff
Diamond_FFFFFF,431,FFFFFF
DigitalCamouflage_535435,1046,535435
DigitalCamouflage_C1C6C8,1097,C1C6C8
ElectricBlue_0072CE,407,0072CE
Emerald_007749,429,007749
Emerald_00868B,981,00868B
Emerald_008B8B,953,008B8B
ForestGreen_00534C,406,00534C
Forest_00534C,413,00534C
FrostedWhiteClear_FFFFFa,629,FFFFFa
Frosted_FFFFFa,1234,FFFFFa
FruitPunch_FFFFFF,472,FFFFFF
FruitPunch_ffffff,470,ffffff
Fuchsia_E10098,436,E10098
Fuchsia_FF1493,867,FF1493
Globe_00AF33,1178,00AF33
GlossBlack_000000,1020,000000
Glow_FFFFFF,424,FFFFFF
Glow_ffffff,396,ffffff
Gold_AA9887,784,AA9887
Gold_B8860B,848,B8860B
Gold_f5a51c,559,f5a51c
Granite_D0D3D4,379,D0D3D4
GrayGranite_808080,547,808080
GraywBlackTrim_808080,1190,808080
GraywBluePlaid_0000FF,1207,0000FF
GraywithBlackTrim_a1a3a8,1151,a1a3a8
GraywSilverTrim_808080,591,808080
Gray_575757,1295,575757
Gray_5B6770,1083,5B6770
Gray_615957,1105,615957
Gray_63666A,695,63666A
Gray_6a737b,1132,6a737b
Gray_6D7B8D,1040,6D7B8D
Gray_6E6E6E,1223,6E6E6E
Gray_727c79,814,727c79
Gray_7C878E,1076,7C878E
Gray_808080,544,808080
Gray_888B8D,718,888B8D
Gray_939ba1,1061,939ba1
Gray_97999B,1021,97999B
Gray_998b7d,1115,998b7d
Gray_a1a3a8,573,a1a3a8
Gray_B1B3B3,759,B1B3B3
Gray_cccccc,577,cccccc
GreenwBlackTrim_017550,1174,017550
GreenwBlackTrim_034638,1188,034638
GreenwGoldTrim_00AF33,905,00AF33
GreenwithBlackTrim_33cc99,1150,33cc99
GreenwSilverTrim_00AF33,485,00AF33
Green_004812,1253,004812
Green_006341,937,006341
Green_006738,1024,006738
Green_006845,476,006845
Green_006a31,1103,006a31
Green_00703c,926,00703c
Green_007336,1275,007336
Green_007749,381,007749
Green_007864,760,007864
Green_007A33,1068,007A33
Green_007A3E,1016,007A3E
Green_007A53,537,007A53
Green_008264,444,008264
Green_00843D,1071,00843D
Green_009344,770,009344
Green_00A499,433,00A499
Green_00AF33,552,00AF33
Green_00B140,463,00B140
Green_00B398,543,00B398
Green_00B74F,450,00B74F
Green_017550,556,017550
Green_173F35,1074,173F35
Green_205C40,1212,205C40
Green_226446,923,226446
Green_228B22,856,228B22
Green_239546,764,239546
Green_246147,985,246147
Green_658D1B,1072,658D1B
Green_66905e,979,66905e
Green_78D64B,1088,78D64B
Green_80E0A7,456,80E0A7
Green_86c879,666,86c879
Green_8cc63f,1139,8cc63f
Green_8EDD65,707,8EDD65
Green_a1b077,640,a1b077
Green_DBE442,1203,DBE442
Gunmetal_2C3539,1041,2C3539
Gunmetal_51534A,889,51534A
Gunmetal_53565A,942,53565A
Gunmetal_63666A,1273,63666A
Gunmetal_646464,1296,646464
Gunmetal_746661,898,746661
Gunmetal_918d81,918,918d81
Gunmetal_998b7d,943,998b7d
Gunmetal_9C9C9C,1286,9C9C9C
Gunmetal_a6a5a2,1271,a6a5a2
HunterGreen_004E42,1084,004E42
HunterGreen_006341,555,006341
HunterGreen_006400,1143,006400
HunterGreen_006738,1180,006738
HunterGreen_006B54,1155,006B54
HunterGreen_008B45,1161,008B45
HunterGreen_034638,720,034638
HunterGreen_183028,1099,183028
HunterGreen_215E21,568,215E21
HunterGreen_2E6444,1163,2E6444
HunterGreen_5f8e6c,1145,5f8e6c
KellyGreen_00A000,594,00A000
Khaki_c8b18b,1261,c8b18b
Khaki_d9cbaa,1267,d9cbaa
Khaki_dac6a6,1254,dac6a6
Khaki_e1cead,1252,e1cead
Lavender_9FAEE5,434,9FAEE5
LightBlue_008CCC,549,008CCC
LightBlue_00aeef,1184,00aeef
LightBlue_00B7EB,1159,00B7EB
LightBlue_79D2E6,958,79D2E6
LightBlue_87CEEB,868,87CEEB
LightBlue_89CFF0,843,89CFF0
LightBlue_b0cbea,1119,b0cbea
LightGreen_90EE90,788,90EE90
LightGreen_ADFF2F,849,ADFF2F
Light\xa0Blue_87CEFA,676,87CEFA
LimeGreenWhite_BFFF00,1196,BFFF00
LimeGreen_008000,584,008000
LimeGreen_00FF00,745,00FF00
LimeGreen_228B22,974,228B22
LimeGreen_238E68,1162,238E68
LimeGreen_32CD32,564,32CD32
LimeGreen_39b54a,931,39b54a
LimeGreen_61BF1A,579,61BF1A
LimeGreen_70DB93,686,70DB93
LimeGreen_78BE20,536,78BE20
LimeGreen_78D64B,531,78D64B
LimeGreen_7CFC00,723,7CFC00
LimeGreen_7FFF00,1160,7FFF00
LimeGreen_82c376,1057,82c376
LimeGreen_83F52C,932,83F52C
LimeGreen_84BD00,774,84BD00
LimeGreen_8cc63f,598,8cc63f
LimeGreen_93DB70,978,93DB70
LimeGreen_97D700,376,97D700
LimeGreen_9ACD32,975,9ACD32
LimeGreen_9EFD38,528,9EFD38
LimeGreen_a1b077,1055,a1b077
LimeGreen_a9c437,728,a9c437
LimeGreen_a9c84a,1124,a9c84a
LimeGreen_ADFF2F,1067,ADFF2F
LimeGreen_b6d664,1187,b6d664
LimeGreen_bbd754,1135,bbd754
LimeGreen_BCED91,756,BCED91
LimeGreen_BFFF00,1158,BFFF00
LimeGreen_c0d555,663,c0d555
LimeGreen_c0da83,757,c0da83
LimeGreen_C0FF3E,1181,C0FF3E
LimeGreen_c1d82f,1062,c1d82f
LimeGreen_c1dc9e,747,c1dc9e
LimeGreen_C4D600,1098,C4D600
LimeGreen_c4d95c,709,c4d95c
LimeGreen_C5E86C,1144,C5E86C
LimeGreen_c6d92d,645,c6d92d
LimeGreen_c6dd24,1123,c6dd24
LimeGreen_cbda69,735,cbda69
LimeGreen_cbe271,1134,cbe271
LimeGreen_CCFF00,724,CCFF00
LimeGreen_CEDC00,659,CEDC00
LimeGreen_d0de51,1141,d0de51
LimeGreen_D0DF00,411,D0DF00
LimeGreen_D1D969,1172,D1D969
LimeGreen_D1E231,677,D1E231
LimeGreen_D2D755,685,D2D755
LimeGreen_D6E542,1169,D6E542
LimeGreen_d7df23,1117,d7df23
LimeGreen_d8db57,1108,d8db57
LimeGreen_DBE442,1090,DBE442
LimeGreen_e3ed56,1127,e3ed56
LimeGreen_eae365,1118,eae365
LimeGreen_f6f253,1126,f6f253
Lime\xa0Green_008000,626,008000
Maroon_800000,1007,800000
MetallicBlue_0000FF,861,0000FF
MetallicGoldWBlackGrip_f5a51c,862,f5a51c
MetallicGray_808080,992,808080
MetallicGreen_00AF33,1038,00AF33
MetallicRed_BB2A3C,860,BB2A3C
MetallicRed_DC143C,993,DC143C
MetallicRed_FF0000,991,FF0000
MetallicSilver_CCCCCC,859,CCCCCC
Mint_8FE2B0,418,8FE2B0
Multi-Color_000000,653,000000
NaturalwBlackTrim_000000,669,000000
NaturalwBlueTrim_0000FF,670,0000FF
NaturalwGreenTrim_00AF33,668,00AF33
NaturalwOrangeTrim_FF7F00,672,FF7F00
NaturalwRedTrim_FF0000,671,FF0000
Natural_bf8b58,698,bf8b58
Natural_c2915c,731,c2915c
Natural_c59561,692,c59561
Natural_d0c9b8,1101,d0c9b8
Natural_D1CCBD,365,D1CCBD
Natural_D5A286,382,D5A286
Natural_dda26b,690,dda26b
Natural_e2c9a9,593,e2c9a9
Natural_F5F5DC,1179,F5F5DC
NavyBluewBluePlaid_0000FF,1210,0000FF
NavyBlue_000080,569,000080
NavyBlue_00205B,574,00205B
NavyBlue_00244D,988,00244D
NavyBlue_002855,393,002855
NavyBlue_002b5c,1026,002b5c
NavyBlue_002d55,1256,002d55
NavyBlue_00457c,1156,00457c
NavyBlue_042c50,566,042c50
NavyBlue_0C2340,410,0C2340
NavyBlue_191970,679,191970
NavyBlue_1b2229,1262,1b2229
NavyBlue_273040,980,273040
NavyBlue_353a41,1263,353a41
NavyKhaki_1a2537,1268,1a2537
NeonBlue_009ACE,697,009ACE
NeonGreen_00FF00,1225,00FF00
NeonGreen_43B02A,940,43B02A
NeonGreen_44D62C,378,44D62C
NeonGreen_83F52C,650,83F52C
NeonGreen_8cc63f,1027,8cc63f
NeonOrange_f15a29,1022,f15a29
NeonOrange_FF4105,1226,FF4105
NeonOrange_FF6A39,939,FF6A39
NeonOrange_FFAA4D,384,FFAA4D
NeonPink_C71585,1242,C71585
NeonPink_E56DB1,938,E56DB1
NeonPink_ee2b7b,1023,ee2b7b
NeonPink_FF1493,1227,FF1493
NeonPink_FF3EB5,389,FF3EB5
NeonPurple_BB16A3,367,BB16A3
NeonPurple_cc33ff,1047,cc33ff
NeonYellow_E3E935,373,E3E935
NeonYellow_FFE900,1048,FFE900
NoFlavor_FFFFFF,417,FFFFFF
NoFlavor_ffffff,467,ffffff
Olive_808000,1043,808000
OrangeVanilla_FE5000,468,FE5000
OrangewBlackTrim_FF7F00,1177,FF7F00
OrangeWhite_f47322,1193,f47322
Orange_D86018,404,D86018
Orange_D94F00,989,D94F00
Orange_E35205,935,E35205
Orange_e96d1f,816,e96d1f
Orange_eba145,665,eba145
Orange_ED8B00,730,ED8B00
Orange_ef4136,1167,ef4136
Orange_f15a29,1056,f15a29
Orange_f26522,1130,f26522
Orange_F3CFB3,1219,F3CFB3
Orange_f47322,524,f47322
Orange_f47323,842,f47323
Orange_f47325,870,f47325
Orange_f47328,976,f47328
Orange_f47329,1201,f47329
Orange_f68932,1182,f68932
Orange_f78f1e,1218,f78f1e
Orange_f7931e,1113,f7931e
Orange_F9423A,465,F9423A
Orange_FA4616,388,FA4616
Orange_FBA16C,1168,FBA16C
Orange_FCD116,1192,FCD116
Orange_FE5000,578,FE5000
Orange_FF5C39,474,FF5C39
Orange_FF6900,452,FF6900
Orange_FF6A13,448,FF6A13
Orange_FF7F00,565,FF7F00
Orange_FFA500,808,FFA500
Orange_FFAA00,1065,FFAA00
Orange_FFB25B,530,FFB25B
Orange_FFC125,1164,FFC125
PearlescentNeonGreen_6EFF70,494,6EFF70
PearlescentNeonOrange_FF5721,490,FF5721
PearlescentNeonPink_FF40AC,484,FF40AC
PearlescentNeonYellow_F4F776,489,F4F776
PearlescentwGoldTrim_f5a51c,792,f5a51c
PinkCamouflage_E68699,1095,E68699
PinkWhite_f5b9cb,1197,f5b9cb
Pink_C6007E,1216,C6007E
Pink_DA1884,693,DA1884
Pink_DF1995,542,DF1995
Pink_E0457B,432,E0457B
Pink_E10098,403,E10098
Pink_e877af,646,e877af
Pink_EB6FBD,457,EB6FBD
Pink_eb99c2,1166,eb99c2
Pink_ECB3CB,435,ECB3CB
Pink_EE82EE,660,EE82EE
Pink_EF4A81,443,EF4A81
Pink_F04E98,447,F04E98
Pink_f5b9cb,523,f5b9cb
Pink_F5DADF,1220,F5DADF
Pink_F7CED7,1221,F7CED7
Pink_F99FC9,1153,F99FC9
Pink_FF1493,1222,FF1493
Pink_FF3EB5,451,FF3EB5
Pink_FF808B,705,FF808B
Pink_FFCBDB,652,FFCBDB
Pomegranate_E10098,469,E10098
ProcessBlue_0077C8,1154,0077C8
ProcessBlue_0085CA,383,0085CA
ProcessBlue_0088CE,869,0088CE
ProcessBlue_008CCC,977,008CCC
ProcessBlue_0091c9,1146,0091c9
ProcessBlue_107fc3,1157,107fc3
ProcessBlue_4169E1,655,4169E1
Process\xa0Blue_4169E1,625,4169E1
PurpleWhite_743796,1195,743796
Purple_330072,689,330072
Purple_440099,399,440099
Purple_521C78,987,521C78
Purple_5C068C,539,5C068C
Purple_600060,560,600060
Purple_614B79,375,614B79
Purple_6c217f,924,6c217f
Purple_6F5091,1287,6F5091
Purple_743796,557,743796
Purple_791d7e,1131,791d7e
Purple_7D55C7,1217,7D55C7
Purple_80225F,453,80225F
Purple_8246AF,1102,8246AF
Purple_84329B,464,84329B
Purple_8765ac,1114,8765ac
Purple_9057a3,1122,9057a3
Purple_9063CD,1091,9063CD
Purple_91278f,1140,91278f
Purple_9370DB,798,9370DB
Purple_9561a8,1116,9561a8
Purple_96368d,1133,96368d
Purple_97528f,1107,97528f
Purple_994999,1129,994999
Purple_9B26B6,475,9B26B6
Purple_a060a0,1120,a060a0
Purple_af639b,1128,af639b
Purple_C5299B,458,C5299B
Recycled_000000,397,000000
Recycled_212721,466,212721
Red(BlueInk)_FF0000,807,FF0000
RedBlue_e21d38,1111,e21d38
RedwBlackTrim_FF0000,684,FF0000
RedWhite_e31b23,1109,e31b23
RedwithBlackTrim_c31d2b,1149,c31d2b
RedWithRedLight_FF0000,1284,FF0000
RedwRedPlaid_FF0000,1208,FF0000
RedwSilverTrim_FF0000,481,FF0000
Red_600912,1028,600912
Red_660000,930,660000
Red_8E2323,941,8E2323
Red_9B2242,1100,9B2242
Red_9D2235,1087,9D2235
Red_A6093D,442,A6093D
Red_A6192E,400,A6192E
Red_B01C2E,990,B01C2E
Red_B33D26,1018,B33D26
Red_BB2A3C,858,BB2A3C
Red_be1e2d,519,be1e2d
Red_BE3A34,473,BE3A34
Red_BF0D3E,773,BF0D3E
Red_bf311a,815,bf311a
Red_c31d2b,527,c31d2b
Red_C8102E,386,C8102E
Red_CB333B,529,CB333B
Red_CC4E5C,1251,CC4E5C
Red_cd2424,710,cd2424
Red_CD2626,1278,CD2626
Red_CF142B,570,CF142B
Red_d91e24,664,d91e24
Red_d92025,729,d92025
Red_de2d29,733,de2d29
Red_df263b,1264,df263b
Red_e01131,1136,e01131
Red_e21d38,648,e21d38
Red_e31936,925,e31936
Red_e31b23,741,e31b23
Red_E4002B,461,E4002B
Red_e54740,1276,e54740
Red_e85240,746,e85240
Red_ed1c24,599,ed1c24
Red_ed443d,1104,ed443d
Red_F4364C,538,F4364C
Red_FF0000,508,FF0000
Red_FF4040,621,FF4040
Red_FF5333,1285,FF5333
ReflexBlue_002395,545,002395
RoseGold_bc1929,1070,bc1929
Rose_B04A5A,438,B04A5A
RoyalBluewithBlackTrim_0f4c9d,1148,0f4c9d
RoyalBlue_0033A0,405,0033A0
RoyalBlue_0033AB,571,0033AB
RoyalBlue_0055a4,597,0055a4
RoyalBlue_0072CE,540,0072CE
RoyalBlue_012169,696,012169
RoyalBlue_0286c2,1270,0286c2
RoyalBlue_0f4c9d,558,0f4c9d
RoyalBlue_1b75bc,780,1b75bc
RoyalBlue_1c3f94,742,1c3f94
RoyalBlue_263063,1077,263063
RoyalBlue_2e3192,813,2e3192
RoyalBlue_33306e,1106,33306e
RoyalBlue_342b5a,927,342b5a
RoyalBlue_364094,1277,364094
RoyalBlue_3b63ac,1137,3b63ac
RoyalBlue_3d60aa,1266,3d60aa
RoyalBlue_3e3894,1121,3e3894
RoyalBlue_4660ab,1171,4660ab
RoyalBlue_4876FF,522,4876FF
Royal\xa0Blue_0f4c9d,615,0f4c9d
Royal_0033A0,412,0033A0
Royal_7fa6cb,748,7fa6cb
Ruby_8B4789,956,8B4789
Ruby_A6192E,428,A6192E
Ruby_B62084,983,B62084
Rust_8B0000,847,8B0000
SageGreen_6FA287,441,6FA287
Sapphire_001489,425,001489
Sapphire_120A8F,1010,120A8F
Sapphire_6666FF,952,6666FF
SatinChrome_CCCCCC,949,CCCCCC
Silver(BlueInk)_CCCCCC,799,CCCCCC
SilverBarrelwBlackGrip_000000,805,000000
SilverBarrelwBlueGrip_0000FF,806,0000FF
SilverBarrelwGreenGrip_00AF33,801,00AF33
SilverBarrelwOrangeGrip_FF7F00,803,FF7F00
SilverBarrelwPurpleGrip_600060,802,600060
SilverBarrelwRedGrip_FF0000,800,FF0000
SilverBlack_000000,642,000000
SilverBlue_0000FF,1290,0000FF
SilverGreen_00AF33,1288,00AF33
SilverRed_FF0000,1289,FF0000
SilverwBlackGrip_000000,504,000000
SilverwBlackTrim_000000,478,000000
SilverwBlackTrim_231f20,944,231f20
SilverwBlackTrim_808080,1292,808080
SilverwBlackTrim_CCCCCC,763,CCCCCC
SilverwBlueHighlighter_4660ab,872,4660ab
SilverwBlueHighlighter_CCCCCC,877,CCCCCC
SilverwBlueLight_0000FF,907,0000FF
SilverwBlueTrim_00009C,866,00009C
SilverwBlueTrim_0000FF,480,0000FF
SilverwBlueTrim_0033A0,934,0033A0
SilverwBlueTrim_151F6D,899,151F6D
SilverwBlueTrim_4660ab,818,4660ab
SilverwFrostedBlueGrip_0000FF,503,0000FF
SilverwFrostedRedGrip_FF0000,502,FF0000
SilverwGreenGrip_00AF33,506,00AF33
SilverwGreenHighlighter_00AF33,883,00AF33
SilverwGreenHighlighter_017550,873,017550
SilverwGreenTrim_006341,900,006341
SilverwGreenTrim_007A53,933,007A53
SilverwGreenTrim_00AF33,590,00AF33
SilverwGreenTrim_017550,819,017550
SilverwGreenTrim_329555,479,329555
SilverwGreenTrim_3EA055,865,3EA055
SilverWithBlackTrim_000000,1283,000000
SilverwLimeGreenTrim_00FF00,766,00FF00
SilverwLimeGreenTrim_61BF1A,751,61BF1A
SilverwLimeGreenTrim_78BE20,782,78BE20
SilverwOrangeGrip_FF7F00,505,FF7F00
SilverwOrangeHighlighter_f47322,871,f47322
SilverwOrangeHighlighter_FF7F00,884,FF7F00
SilverwOrangeTrim_E35205,910,E35205
SilverwOrangeTrim_f47322,817,f47322
SilverwOrangeTrim_FF6900,901,FF6900
SilverwPinkHighlighter_808080,881,808080
SilverwPinkHighlighter_f5b9cb,875,f5b9cb
SilverwPinkTrim_E93CAC,921,E93CAC
SilverwPurpleTrim_5C068C,909,5C068C
SilverwPurpleTrim_5F259F,919,5F259F
SilverwPurpleTrim_743796,836,743796
SilverwRedTrim_A6192E,902,A6192E
SilverwRedTrim_BA0C2F,908,BA0C2F
SilverwRedTrim_BE2625,864,BE2625
SilverwRedTrim_c31d2b,767,c31d2b
SilverwRedTrim_C8102E,772,C8102E
SilverwRedTrim_CF142B,749,CF142B
SilverwRedTrim_e31b23,946,e31b23
SilverwRedTrim_FF0000,592,FF0000
SilverwRoyalBlueTrim_0033A0,783,0033A0
SilverwRoyalBlueTrim_0033AB,752,0033AB
SilverwRoyalBlueTrim_00457c,945,00457c
SilverwRoyalBlueTrim_0f4c9d,765,0f4c9d
SilverwRoyalBlue_0f4c9d,835,0f4c9d
SilverwSilverTrim(BlueInk)_CCCCCC,794,CCCCCC
SilverwSilverTrim_CCCCCC,796,CCCCCC
SilverwTranslucentBlackTrim_000000,1237,000000
SilverwTranslucentBlueTrim_0000FF,1236,0000FF
SilverwWhiteTrim_FFFFFF,750,FFFFFF
SilverwYellowHighlighter_e1a81b,874,e1a81b
SilverwYellowHighlighter_F0F000,880,F0F000
SilverwYellowTrim_FBDB65,920,FBDB65
Silver_000000,1228,000000
Silver_6e6e6e,711,6e6e6e
Silver_808080,1294,808080
Silver_868686,734,868686
Silver_878686,649,878686
Silver_8A8D8F,439,8A8D8F
Silver_aeb0b2,562,aeb0b2
Silver_c3c5c4,785,c3c5c4
Silver_cccccc,786,cccccc
Silver_CCCCCC,486,CCCCCC
Silver_cfd4d8,917,cfd4d8
Silver_d3d4d6,1297,d3d4d6
Silver_d6d7d7,600,d6d7d7
Silver_d7d6d8,1269,d7d6d8
Silver_e5e5e4,585,e5e5e4
SilvewPurpleTrim_743796,820,743796
Smoke_53565A,1082,53565A
Smoke_54585A,1089,54585A
SmokyQuartz_303030,1009,303030
SmokyQuartz_708090,955,708090
SoccerBall_000000,1176,000000
SolidBlack_000000,491,000000
SolidBlue(BlueInk)_0000FF,830,0000FF
SolidBlue_0000FF,497,0000FF
SolidBlue_4660ab,826,4660ab
SolidRed_FF0000,828,FF0000
SolidWhite_FFFFFF,624,FFFFFF
SolidYellow_FFFF00,482,FFFF00
StainlessSteelBlack_000000,1298,000000
StainlessSteelwBlackHandles_000000,1238,000000
StainlessSteelwBlackLiner_000000,1032,000000
StainlessSteelwBlueLiner_0000FF,1034,0000FF
StainlessSteelwGreenLiner_00AF33,1029,00AF33
StainlessSteelwOrangeLiner_FF7F00,1035,FF7F00
StainlessSteelwPurpleLiner_600060,1030,600060
StainlessSteelwRedLiner_FF0000,1031,FF0000
StainlessSteel_CCCCCD,1008,CCCCCD
StainlesswLimeGreenLiner_32CD32,1033,32CD32
Strawberry_EF3340,414,EF3340
Sublimation_FFFFFF,1233,FFFFFF
Tangerine_E35205,430,E35205
Tangerine_FFFFFF,471,FFFFFF
Tan_6B3529,658,6B3529
Tan_D2B48C,627,D2B48C
Teal_008C95,369,008C95
Titanium_726860,1291,726860
TranslucentAquaBlue_0076cc,833,0076cc
TranslucentAquaBlue_008CCC,605,008CCC
TranslucentAquaBlue_00FFFF,824,00FFFF
TranslucentBlack_000000,553,000000
TranslucentBlack_231f20,1004,231f20
TranslucentBlack_333333,516,333333
TranslucentBlack_4d5052,891,4d5052
TranslucentBlack_939ba1,996,939ba1
TranslucentBlue(BlueInk)_0076cc,829,0076cc
TranslucentBlue_0000CD,999,0000CD
TranslucentBlue_0000FF,620,0000FF
TranslucentBlue_001489,1282,001489
TranslucentBlue_0033A0,1235,0033A0
TranslucentBlue_0047BB,911,0047BB
TranslucentBlue_0067b1,635,0067b1
TranslucentBlue_0076cc,827,0076cc
TranslucentBlue_008CCC,517,008CCC
TranslucentBlue_00bbe1,1051,00bbe1
TranslucentBlue_0198E1,619,0198E1
TranslucentBlue_0f4c9d,832,0f4c9d
TranslucentBlue_1E90FF,514,1E90FF
TranslucentBlue_3232CC,633,3232CC
TranslucentBlue_378da2,890,378da2
TranslucentBlue_394496,1080,394496
TranslucentBlue_4169E1,551,4169E1
TranslucentBlue_4660ab,532,4660ab
TranslucentBlue_4D4DFF,493,4D4DFF
TranslucentBlue_6CACE4,701,6CACE4
TranslucentBlue_7fa7ca,887,7fa7ca
TranslucentBlue_89CFF0,581,89CFF0
TranslucentBrown_82320d,1053,82320d
TranslucentBurgundy_7D2248,554,7D2248
TranslucentDarkBlue_00008B,823,00008B
TranslucentGreen_00592b,1081,00592b
TranslucentGreen_007749,914,007749
TranslucentGreen_007A53,758,007A53
TranslucentGreen_017550,534,017550
TranslucentGreen_43D58C,618,43D58C
TranslucentGreen_5f9f5c,638,5f9f5c
TranslucentGreen_76EE00,825,76EE00
TranslucentGreen_7CFC00,834,7CFC00
TranslucentGreen_90EE90,515,90EE90
TranslucentGreen_b2ce93,1054,b2ce93
TranslucentGreen_DBE442,700,DBE442
TranslucentLightBlue_ADD8E6,681,ADD8E6
TranslucentLimeGreen_00FF00,603,00FF00
TranslucentLimeGreen_32CD32,582,32CD32
TranslucentLimeGreen_33FF00,1005,33FF00
TranslucentLimeGreen_39b54a,998,39b54a
TranslucentLimeGreen_658D1B,1013,658D1B
TranslucentLimeGreen_78BE20,744,78BE20
TranslucentLimeGreen_7CFC00,837,7CFC00
TranslucentLimeGreen_7FFF00,995,7FFF00
TranslucentLimeGreen_8cc63f,1214,8cc63f
TranslucentLimeGreen_ADFF2F,1052,ADFF2F
TranslucentLimeGreen_BFFF00,1205,BFFF00
TranslucentOrange_e15c1e,1078,e15c1e
TranslucentOrange_E35205,915,E35205
TranslucentOrange_ED8B00,702,ED8B00
TranslucentOrange_f47322,535,f47322
TranslucentOrange_f78f1e,1215,f78f1e
TranslucentOrange_fbb040,636,fbb040
TranslucentOrange_FE5000,743,FE5000
TranslucentOrange_FF7F00,501,FF7F00
TranslucentOrange_ff8604,1060,ff8604
TranslucentOrange_FFA500,520,FFA500
TranslucentPink_E93CAC,912,E93CAC
TranslucentPink_ec008c,1003,ec008c
TranslucentPink_f5b9cb,518,f5b9cb
TranslucentPink_FF1493,994,FF1493
TranslucentPink_FFB6C1,810,FFB6C1
TranslucentPurple_5F259F,913,5F259F
TranslucentPurple_6f3e98,634,6f3e98
TranslucentPurple_743796,606,743796
TranslucentPurple_9063CD,703,9063CD
TranslucentPurple_9370DB,630,9370DB
TranslucentRed_c31d2b,533,c31d2b
TranslucentRed_C8102E,704,C8102E
TranslucentRed_e21d38,997,e21d38
TranslucentRed_e22927,1079,e22927
TranslucentRed_e31b23,1002,e31b23
TranslucentRed_E4002B,916,E4002B
TranslucentRed_ef3d4a,637,ef3d4a
TranslucentRed_FF0000,487,FF0000
TranslucentRed_FF0001,1058,FF0001
TranslucentRed_FF0002,1063,FF0002
TranslucentRed_FF0003,1066,FF0003
TranslucentRed_FF0008,1202,FF0008
TranslucentRed_FF0009,1206,FF0009
TranslucentRed_FF0010,1230,FF0010
TranslucentRoyalBlue_0000CD,680,0000CD
TranslucentRoyalBlue_0033A0,787,0033A0
TranslucentRoyalBlue_0f4c9d,610,0f4c9d
TranslucentRoyalBlue_1c3f94,1213,1c3f94
TranslucentRoyalBlue_2e3192,1001,2e3192
TranslucentRoyalBlue_4660ab,838,4660ab
TranslucentSmoke_000000,1006,000000
TranslucentSmoke_414142,639,414142
TranslucentTeal_1E90FF,809,1E90FF
TranslucentWhite_FFFFFF,1240,FFFFFF
TranslucentYellow_F0F000,604,F0F000
TranslucentYellow_FBDB65,922,FBDB65
TranslucentYellow_FBEC5D,580,FBEC5D
TranslucentYellow_FFFF66,1059,FFFF66
TranslucentYellow_FFFFE0,876,FFFFE0
Translucent\xa0Green_76EE00,768,76EE00
TransparentBlack_000000,673,000000
TransparentBlack_231f20,713,231f20
TransparentBlack_333333,511,333333
TransparentBlue_004B87,1014,004B87
TransparentBlue_005ea7,717,005ea7
TransparentBlue_0f4c9d,550,0f4c9d
TransparentBlue_1E90FF,513,1E90FF
TransparentBlue_4660ab,1229,4660ab
TransparentGreen_006F44,1015,006F44
TransparentGreen_07814f,721,07814f
TransparentGreen_324F17,546,324F17
TransparentGreen_51ba6e,714,51ba6e
TransparentGreen_66CD00,844,66CD00
TransparentGreen_90EE90,512,90EE90
TransparentLimeGreen_00853f,674,00853f
TransparentOrange_f47b20,675,f47b20
TransparentOrange_f78f20,716,f78f20
TransparentOrange_FFA500,510,FFA500
TransparentPink_FFB6C1,1039,FFB6C1
TransparentProcessBlue_1E90FF,1045,1E90FF
TransparentPurple_0000CD,1019,0000CD
TransparentPurple_660198,845,660198
TransparentPurple_7c287d,722,7c287d
TransparentPurple_9370DB,863,9370DB
TransparentRed_e21d38,715,e21d38
TransparentRed_F54D70,548,F54D70
TransparentRed_FF0000,509,FF0000
TransparentRoyalBlue_0000CD,1044,0000CD
Tropical_FEDD00,401,FEDD00
Turquoise_00688B,984,00688B
Turquoise_009ACD,1011,009ACD
Turquoise_39B7CD,951,39B7CD
USA_E4002B,1093,E4002B
Vanilla_DBC8B6,420,DBC8B6
Watermelon_E31C79,415,E31C79
WhiteBlack_000000,657,000000
WhiteBlue_0000FF,576,0000FF
WhitePearl_FFFFFF,851,FFFFFF
WhiteRed_FF0000,575,FF0000
WhiteSilver_CCCCCC,1194,CCCCCC
WhitewBlackPen_FFFFFF,682,FFFFFF
WhitewBlackTrim_000000,601,000000
WhitewBlackTrim_231f20,1260,231f20
WhitewBlackTrim_e4e5e7,643,e4e5e7
WhitewBlackTrim_FFFFFF,495,FFFFFF
WhitewBlackTrim_ffffff,762,ffffff
WhitewBlueHighlighter_0000FF,878,0000FF
WhitewBlueTrim_0000FF,616,0000FF
WhitewBlueTrim_0085CA,719,0085CA
WhitewBlueTrim_042c50,496,042c50
WhitewBlueTrim_151F6D,893,151F6D
WhitewClearCover_FFFFFF,1239,FFFFFF
WhitewClearTrim_FFFFFa,641,FFFFFa
WhitewGrayTrim_808080,1293,808080
WhitewGreenHighlighter_00AF33,882,00AF33
WhitewGreenTrim_006341,894,006341
WhitewGreenTrim_007A53,948,007A53
WhitewGreenTrim_00AF33,483,00AF33
WhitewGreenTrim_017550,811,017550
WhitewLimeGreenTrim_00FF00,840,00FF00
WhitewLimeGreenTrim_78BE20,607,78BE20
WhitewLimeGreenTrim_9EFD38,611,9EFD38
WhitewLimeGreenTrim_ADFF2F,617,ADFF2F
WhitewMaroonTrim_8B0000,1186,8B0000
WhitewNavyBlueTrim_000080,1185,000080
WhitewNavyBlueTrim_00205B,947,00205B
WhitewNavyBlueTrim_002d55,1259,002d55
WhitewOrangeHighlighter_FF7F00,879,FF7F00
WhitewOrangeTrim_f47322,612,f47322
WhitewOrangeTrim_FE5000,771,FE5000
WhitewOrangeTrim_FF6900,892,FF6900
WhitewOrangeTrim_FF7F00,500,FF7F00
WhitewPinkHighlighter_FFCBDB,885,FFCBDB
WhitewPinkTrim_f5b9cb,822,f5b9cb
WhitewPurpleTrim_600060,846,600060
WhitewRedThreads_FFFFFF,656,FFFFFF
WhitewRedTrim_A6192E,895,A6192E
WhitewRedTrim_c31d2b,613,c31d2b
WhitewRedTrim_C8102E,608,C8102E
WhitewRedTrim_e31b23,1258,e31b23
WhitewRedTrim_FF0000,499,FF0000
WhitewRoyalBlueTrim_0033A0,609,0033A0
WhitewRoyalBlueTrim_0055a4,1257,0055a4
WhitewRoyalBlueTrim_0075bc,1265,0075bc
WhitewRoyalBlueTrim_0076cc,841,0076cc
WhitewRoyalBlueTrim_0f4c9d,812,0f4c9d
WhitewRoyalBlueTrim_333366,614,333366
WhitewRoyalBlueTrim_4876FF,1183,4876FF
WhitewTranslucentBlackTrim_000000,1232,000000
WhitewTranslucentBlackTrim_333333,853,333333
WhitewTranslucentBlueTrim_0000FF,632,0000FF
WhitewTranslucentBlueTrim_1E90FF,854,1E90FF
WhitewTranslucentGreenTrim_90EE90,631,90EE90
WhitewTranslucentOrangeTrim_FF7F00,1231,FF7F00
WhitewTranslucentOrangeTrim_FFA500,855,FFA500
WhitewTranslucentRedTrim_FF0000,852,FF0000
WhitewYellowHighlighter_F0F000,886,F0F000
WhitewYellowTrim_e1a81b,839,e1a81b
WhitewYellowTrim_F0F000,821,F0F000
WhitewYellowTrim_FFC72C,896,FFC72C
WhitewYellowTrim_FFFF00,492,FFFF00
White_FFFFFF,391,FFFFFF
White_ffffff,363,ffffff
WineRedwSilverTrim_8B0000,793,8B0000
WineRed_8B0000,831,8B0000
YellowwBlackTrim_F0F000,1175,F0F000
YellowwBlackTrim_FBDB65,1272,FBDB65
YellowWhite_e1a81b,1198,e1a81b
Yellow_C8F526,1200,C8F526
Yellow_e1a81b,644,e1a81b
Yellow_e1e549,1299,e1e549
Yellow_EFDF00,541,EFDF00
Yellow_F0B323,1241,F0B323
Yellow_F0F000,525,F0F000
Yellow_f3bc12,1012,f3bc12
Yellow_F6EB61,460,F6EB61
Yellow_faea68,1138,faea68
Yellow_fbd017,1142,fbd017
Yellow_FBDB65,706,FBDB65
Yellow_FBE122,408,FBE122
Yellow_FBEC5D,1165,FBEC5D
Yellow_FCD647,1274,FCD647
Yellow_fdb813,1025,fdb813
Yellow_FDDA24,380,FDDA24
Yellow_FED141,602,FED141
Yellow_FEDD00,454,FEDD00
Yellow_FFC72C,761,FFC72C
Yellow_fff200,1125,fff200
Yellow_FFFF00,583,FFFF00
Yellow_FFFF7E,1064,FFFF7E
